300000037,1635,"Ishigaki, Okinawa Prefecture, Japan",23478301,Nata Beach Villa,"When visiting Ishigaki, Nata Beach Villa is a great choice to consider. Guests looking for a bite to eat can check out the restaurant, and the bar/lounge is the perfect spot to grab a drink at the end of the day. A terrace and a garden are other highlights. Fellow travelers like the overall property condition.   "
300000037,1635,"Ishigaki, Okinawa Prefecture, Japan",54916342,AsobiBASE Yamabare-House,Enjoy your visit to Ishigaki with a stay at AsobiBASE Yamabare-House. Guests will have free perks like WiFi and self parking.   
300000037,1635,"Ishigaki, Okinawa Prefecture, Japan",37794143,Ishigakijima Sanshoen Mape-no-yado,"Ishigakijima Sanshoen Mape-no-yado is a great choice for a stay in Ishigaki. Guests will have free perks like WiFi and self parking. A terrace and a garden are offered, and in-room conveniences include refrigerators and microwaves.   "
300000037,1635,"Ishigaki, Okinawa Prefecture, Japan",24438901,Ishigakijima Sun Green Grass,Enjoy your visit to Ishigaki with a stay at Ishigakijima Sun Green Grass. Guests will have free perks like WiFi and self parking.   
300000037,1635,"Ishigaki, Okinawa Prefecture, Japan",90853020,Meguru Ishigaki,"Situated by the ocean, Meguru Ishigaki is a great choice for a stay in Ishigaki.   "
300000037,1635,"Ishigaki, Okinawa Prefecture, Japan",22161116,Lulaliya,"Enjoy your visit to Ishigaki with a stay at Lulaliya. You can unwind with a drink at the bar/lounge, and continental breakfast is available on weekdays.   "
300000037,1635,"Ishigaki, Okinawa Prefecture, Japan",33751562,ALOALO BEACH Kabira,
300000037,1635,"Ishigaki, Okinawa Prefecture, Japan",6928822,Ishigaki Seaside Hotel,"Situated by the ocean, Ishigaki Seaside Hotel is a great choice for a stay in Ishigaki. The seasonal outdoor pool is a great spot to take a dip, and guests can grab a bite to eat at Moramora, which serves Fusion cuisine and is open for breakfast, lunch, and dinner. Other features include a children's pool, a terrace, and a garden. The pool and helpful staff get good marks from fellow travelers.   "
300000037,1772,"Kochi, Kochi Prefecture, Japan",21639117,Dormy Inn Kochi,"When visiting Kochi, Dormy Inn Kochi is a great choice to consider. Guests can grab a bite to eat at the restaurant, and the sauna makes for a relaxing end to the day.   "
300000037,1772,"Kochi, Kochi Prefecture, Japan",9421324,Kochi Palace Hotel,Kochi Palace Hotel is a great choice for a stay in Kochi. You'll have free perks like WiFi and wired Internet. Fellow travelers like the breakfast.   
300000037,1772,"Kochi, Kochi Prefecture, Japan",5981960,The Crown Palais New Hankyu Kochi,"Located near a train station, The Crown Palais New Hankyu Kochi is a great choice for a stay in Kochi. You can relax with a drink at the bar/lounge, and the 3 restaurants are nice spots to grab a bite to eat. Fellow travelers say good things about the breakfast.   "
300000037,1772,"Kochi, Kochi Prefecture, Japan",9622770,Bright Park Hotel,"When visiting Kochi, Bright Park Hotel is a great choice to consider. Guests indulge in massages, then grab a bite to eat at the restaurant.   "
300000037,1772,"Kochi, Kochi Prefecture, Japan",22417772,Hotel Town Nishikigawa,"When visiting Kochi, Hotel Town Nishikigawa is a great choice to consider.   "
300000037,1772,"Kochi, Kochi Prefecture, Japan",15431284,Hotel AreaOne Kochi,"Located near a train station, Hotel AreaOne Kochi is a great choice for a stay in Kochi. Free perks include WiFi and self parking. Fellow travelers like the overall property condition.   "
300000037,1772,"Kochi, Kochi Prefecture, Japan",9446825,Sansuien,"Sansuien is a great choice for a stay in Kochi. You can be pampered with massages, then unwind with a drink at the bar/lounge.   "
300000037,1772,"Kochi, Kochi Prefecture, Japan",57176867,JR Clement Inn Kochi,"Located near a train station, JR Clement Inn Kochi is a great choice for a stay in Kochi. The overall property condition and breakfast get good marks from fellow travelers.   "
300000037,1772,"Kochi, Kochi Prefecture, Japan",4594678,Nishitetsu Inn Kochi Harimayabashi,Enjoy your visit to Kochi with a stay at Nishitetsu Inn Kochi Harimayabashi. Free perks include WiFi and wired Internet. Fellow travelers like the helpful staff.   
300000037,1772,"Kochi, Kochi Prefecture, Japan",15364047,Jyoseikan,"When visiting Kochi, Jyoseikan is a great choice to consider. Guests looking for a bite to eat can check out the coffee shop/cafe, and the bar/lounge is the perfect spot to grab a drink at the end of the day. Free bike rentals and a garden are other highlights.   "
300000037,1772,"Kochi, Kochi Prefecture, Japan",991163,Comfort Hotel Kochi,"Located near a train station, Comfort Hotel Kochi is a great choice for a stay in Kochi. Free perks include WiFi and buffet breakfast daily between 6:30 AM and 9:30 AM. The overall property condition and breakfast get good marks from fellow travelers.   "
300000037,1772,"Kochi, Kochi Prefecture, Japan",14824789,7 Days Hotel Plus,"When visiting Kochi, 7 Days Hotel Plus is a great choice to consider. Guests will have free perks like WiFi and wired Internet.   "
300000037,1772,"Kochi, Kochi Prefecture, Japan",9622955,Riverside Hotel Shoei,"Located near a train station, Riverside Hotel Shoei is a great choice for a stay in Kochi. Guests can be pampered with massages at the spa. Other highlights include a bar/lounge and a terrace.   "
300000037,1772,"Kochi, Kochi Prefecture, Japan",32954084,Guesthouse LuLuLu,"Guesthouse LuLuLu is a great choice for a stay in Kochi. Free perks include WiFi and self-serve breakfast daily between 7:30 AM and 10:00 AM. Other features include a snack bar/deli, free bike rentals, and a terrace.   "
300000037,1818,"Niigata, Niigata Prefecture, Japan",70789759,APA Hotel & Resort Niigata Ekimae Odori,"A great choice for a stay in Niigata, APA Hotel & Resort Niigata Ekimae Odori is just 4.7 mi (7.5 km) from the airport. You can grab a bite to eat at one of the 2 restaurants, then indulge in deep-tissue massages, body treatments, or aromatherapy. Other highlights include a bar/lounge, a fitness center, and a seasonal outdoor pool. Fellow travelers say good things about the overall property condition and access to public transport.   "
300000037,1818,"Niigata, Niigata Prefecture, Japan",3914434,APA Hotel Niigata-Furumachi,"Enjoy your visit to Niigata with a stay at APA Hotel Niigata-Furumachi. Guests can indulge in spa services at the spa, and Kyoto Ginyuba serves breakfast, lunch, and dinner.   "
300000037,1818,"Niigata, Niigata Prefecture, Japan",1717274,Art Hotel Niigata Station,Enjoy your visit to Niigata with a stay at Art Hotel Niigata Station. Fellow travelers like the overall property condition and breakfast.   
300000037,1818,"Niigata, Niigata Prefecture, Japan",3914440,APA Villa Hotel Tsubamesanjo Ekimae,"Located near a train station, APA Villa Hotel Tsubamesanjo Ekimae is a great choice for a stay in Tsubame. Free perks include WiFi and wired Internet.   "
300000037,1818,"Niigata, Niigata Prefecture, Japan",40291580,Hotel Live Max Niigata Nagaoka Station,Enjoy your visit to Nagaoka with a stay at Hotel Live Max Niigata Nagaoka Station.   
300000037,1818,"Niigata, Niigata Prefecture, Japan",21214356,Country Hotel Niigata,"Located in the entertainment district, Country Hotel Niigata is a great choice for a stay in Niigata. Free perks include WiFi and wired Internet.   "
300000037,1818,"Niigata, Niigata Prefecture, Japan",3914435,APA Hotel Niigata-Higashinakadori,"Located near a train station, APA Hotel Niigata-Higashinakadori is a great choice for a stay in Niigata. Guests indulge in massages, then grab a bite to eat at the restaurant.   "
300000037,1818,"Niigata, Niigata Prefecture, Japan",11558756,Hotel Okura Niigata,"When visiting Niigata, Hotel Okura Niigata is a great choice to consider. Guests looking for a bite to eat can check out Toh-Ka-Lin, one of 6 restaurants, which serves Chinese cuisine and is open for lunch and dinner. Fellow travelers say good things about the helpful staff.   "
300000037,1818,"Niigata, Niigata Prefecture, Japan",15975724,Court Hotel Niigata,"When visiting Niigata, Court Hotel Niigata is a great choice to consider.   "
300000037,1818,"Niigata, Niigata Prefecture, Japan",17369936,Toyoko Inn Niigata Furumachi,Enjoy your visit to Niigata with a stay at Toyoko Inn Niigata Furumachi. Free perks include WiFi and buffet breakfast daily between 6:30 AM and 9:00 AM.   
300000037,1818,"Niigata, Niigata Prefecture, Japan",16421,Bandai Silver Hotel,"A great choice for a stay in Niigata, Bandai Silver Hotel is just 4.9 mi (7.8 km) from the airport. The cocktail bar is a great place to grab a drink, and guests looking for a bite to eat can check out Dan Swing Doll, one of 4 restaurants, which serves breakfast, lunch, and dinner. The overall property condition and breakfast get good marks from fellow travelers.   "
300000037,1818,"Niigata, Niigata Prefecture, Japan",2806548,Hotel Sunroute Niigata,"A great choice for a stay in Niigata, Hotel Sunroute Niigata is just 4.5 mi (7.2 km) from the airport. Guests can indulge in massages at the spa, and Italian cuisine is served at Viale, which is open for breakfast, lunch, and dinner.   "
300000037,1818,"Niigata, Niigata Prefecture, Japan",14835553,Hotel Global View Niigata,"A great choice for a stay in Niigata, Hotel Global View Niigata is just 5 mi (8 km) from the airport. Guests will have free perks like WiFi and wired Internet. The overall property condition and breakfast get good marks from fellow travelers.   "
300000037,1818,"Niigata, Niigata Prefecture, Japan",34416463,HOTEL LiVEMAX Niigata Ekimae,"A great choice for a stay in Niigata, HOTEL LiVEMAX Niigata Ekimae is just 4.7 mi (7.5 km) from the airport. Free perks include WiFi and wired Internet.   "
300000037,1838,"Kitakyushu, Fukuoka Prefecture, Japan",57428091,HOTEL LiVEMAX Kokura-ekimae,"When visiting Kitakyushu, HOTEL LiVEMAX Kokura-ekimae is a great choice to consider. Free perks include WiFi and wired Internet. Public transportation is close by: Tanga Station is just 9 minutes by foot.   "
300000037,1838,"Kitakyushu, Fukuoka Prefecture, Japan",190592,RIHGA Royal Hotel Kokura,"Situated by the ocean, RIHGA Royal Hotel Kokura is a great choice for a stay in Kitakyushu. Guests can indulge in spa services, then grab a bite to eat at one of the 5 restaurants. An indoor pool, a bar/lounge, and a health club are other highlights. The helpful staff and overall property condition get good marks from fellow travelers.   "
300000037,1838,"Kitakyushu, Fukuoka Prefecture, Japan",15056614,Art Hotel KOKURA New Tagawa,"Enjoy your visit to Kitakyushu with a stay at Art Hotel KOKURA New Tagawa. Guests looking for a bite to eat can check out All Day Dining Shizuku, one of 2 restaurants, which serves Japanese cuisine and is open for breakfast and lunch. Fellow travelers say good things about the helpful staff. The property is just a short walk to public transportation: Tanga Station is 3 minutes away.   "
300000037,1838,"Kitakyushu, Fukuoka Prefecture, Japan",17369858,Toyoko Inn Kitakyushu Kuko,"A great choice for a stay in Kitakyushu, Toyoko Inn Kitakyushu Kuko is just 0.7 mi (1.2 km) from the airport. Free perks include WiFi, self parking, and buffet breakfast daily between 6:30 AM and 9:00 AM. The overall property condition and breakfast get good marks from fellow travelers.   "
300000037,1838,"Kitakyushu, Fukuoka Prefecture, Japan",48190445,GRAND BASE Mojiko Ekimae,Enjoy your visit to Kitakyushu with a stay at GRAND BASE Mojiko Ekimae.   
300000037,1838,"Kitakyushu, Fukuoka Prefecture, Japan",84054774,HOTEL R9 The Yard Ube,"A great choice for a stay in Ube, HOTEL R9 The Yard Ube is just 1.6 mi (2.5 km) from the airport. Free perks include WiFi and self parking.   "
300000037,1838,"Kitakyushu, Fukuoka Prefecture, Japan",9306758,Ariston Inn Kanda Kitakyushu Airport,"Located near a train station, Ariston Inn Kanda Kitakyushu Airport is a great choice for a stay in Kanda. Guests can be pampered with massages at the spa.   "
300000037,1838,"Kitakyushu, Fukuoka Prefecture, Japan",7070043,Vessel Hotel Kanda Kitakyushu Airport,"Vessel Hotel Kanda Kitakyushu Airport is a great choice for a stay in Kanda. Guests will have free perks like WiFi, self parking, and wired Internet.   "
300000037,1838,"Kitakyushu, Fukuoka Prefecture, Japan",4648407,Hotel Route-Inn Yukuhashi,"Located near a train station, Hotel Route-Inn Yukuhashi is a great choice for a stay in Yukuhashi. Guests will have free perks like WiFi, self parking, and wired Internet.   "
300000037,1838,"Kitakyushu, Fukuoka Prefecture, Japan",3906590,APA Hotel Fukuoka Yukuhashi Ekimae,"Located near a train station, APA Hotel Fukuoka Yukuhashi Ekimae is a great choice for a stay in Yukuhashi. Guests will have free perks like WiFi, self parking, and wired Internet.   "
300000037,1838,"Kitakyushu, Fukuoka Prefecture, Japan",9050851,Hotel 1-2-3 Kokura,"Located near a train station, Hotel 1-2-3 Kokura is a great choice for a stay in Kitakyushu. Free perks include WiFi, wired Internet, and buffet breakfast daily between 7 AM and 9 AM. The property is just a short walk from public transportation: Tanga Station is just steps away.   "
300000037,1838,"Kitakyushu, Fukuoka Prefecture, Japan",2182118,Comfort Hotel Kokura,"Located near a train station, Comfort Hotel Kokura is a great choice for a stay in Kitakyushu. Free perks include WiFi, wired Internet, and buffet breakfast daily between 6:30 AM and 9:30 AM. The property is just a short walk to public transportation: Tanga Station is 13 minutes away.   "
300000037,1838,"Kitakyushu, Fukuoka Prefecture, Japan",4594675,Nishitetsu Inn Kokura,"Located near a train station, Nishitetsu Inn Kokura is a great choice for a stay in Kitakyushu. You'll have free perks like WiFi and wired Internet. The property is just a short walk to public transportation: Tanga Station is 9 minutes away.   "
300000037,1838,"Kitakyushu, Fukuoka Prefecture, Japan",93118078,Quintessa Hotel Kokura Comic&Books,Quintessa Hotel Kokura Comic&Books is a great choice for a stay in Kitakyushu. Free perks include WiFi and self-serve breakfast daily between 6:30 AM and 11:00 AM. The property is just a short walk to public transportation: Tanga Station is 13 minutes away.   
300000037,1858,"Kumamoto, Kumamoto Prefecture, Japan",16353,"Crowne Plaza ANA Kumamoto New Sky, an IHG Hotel","Crowne Plaza ANA Kumamoto New Sky, an IHG Hotel offers an airport shuttle during limited hours for JPY 780 per person one-way. The lobby lounge is a great place to grab a drink, and guests looking for a bite to eat can check out Suncielo, one of 2 restaurants, which serves Italian cuisine and is open for breakfast, lunch, and dinner. This upscale hotel is also 1.5 mi (2.5 km) from Kumamoto Castle.   "
300000037,1858,"Kumamoto, Kumamoto Prefecture, Japan",45917,Kumamoto Hotel Castle,"Kumamoto Hotel Castle puts you 0.5 mi (0.8 km) from Kumamoto Castle. The bar is a great place to grab a drink, and guests looking for a bite to eat can check out Tour De ChÃ¢teau, one of 3 restaurants, which serves dinner. Fellow travelers say good things about the helpful staff and breakfast.   "
300000037,1858,"Kumamoto, Kumamoto Prefecture, Japan",9308100,HOTEL MYSTAYS Kumamoto Riverside,"HOTEL MYSTAYS Kumamoto Riverside puts you 0.9 mi (1.4 km) from Kumamoto Castle. For a bite to eat, guests can check out Grand Cafe, which serves Regional cuisine and is open for breakfast. Fellow travelers say good things about the overall property condition.   "
300000037,1858,"Kumamoto, Kumamoto Prefecture, Japan",16353,"Crowne Plaza ANA Kumamoto New Sky, an IHG Hotel","Crowne Plaza ANA Kumamoto New Sky, an IHG Hotel offers an airport shuttle during limited hours for JPY 780 per person one-way. The lobby lounge is a great place to grab a drink, and guests looking for a bite to eat can check out Suncielo, one of 2 restaurants, which serves Italian cuisine and is open for breakfast, lunch, and dinner. This upscale hotel is also 1.5 mi (2.5 km) from Kumamoto Castle.   "
300000037,1858,"Kumamoto, Kumamoto Prefecture, Japan",19563738,HOTEL THE GATE KUMAMOTO - Hostel,HOTEL THE GATE KUMAMOTO - Hostel puts you 1.9 mi (3 km) from Kumamoto Castle. Fellow travelers love the overall property condition.   
300000037,1858,"Kumamoto, Kumamoto Prefecture, Japan",93144065,Jisco Hotel Obama Onsen,Enjoy your visit to Unzen with a stay at Jisco Hotel Obama Onsen.   
300000037,1858,"Kumamoto, Kumamoto Prefecture, Japan",95547941,Fairfield by Marriott Fukuoka Ukiha,"When visiting Ukiha, Fairfield by Marriott Fukuoka Ukiha is a great choice to consider. Free perks include WiFi and self parking.   "
300000037,1858,"Kumamoto, Kumamoto Prefecture, Japan",4648417,Hotel Route-Inn Isahaya Inter,"When visiting Isahaya, Hotel Route-Inn Isahaya Inter is a great choice to consider. Guests indulge in massages, then grab a bite to eat at the restaurant.   "
300000037,1858,"Kumamoto, Kumamoto Prefecture, Japan",16259825,Hotel Bientos,Enjoy your visit to Tosu with a stay at Hotel Bientos. Free perks include WiFi and self parking. Fellow travelers like the overall property condition.   
300000037,1858,"Kumamoto, Kumamoto Prefecture, Japan",35094069,HOTEL LiVEMAX FUKUOKA TENJIN,"Just 3 mi (4.9 km) from the airport, HOTEL LiVEMAX FUKUOKA TENJIN puts you just a 5-minute drive from Canal City Hakata and Port of Hakata. You'll have free perks like WiFi and wired Internet. Also, Marine Messe Fukuoka and PayPay Dome are within a short drive. Public transportation is just a short walk: Watanabe-dori Station is 7 minutes and Tenjin-minami Station is 13 minutes.   "
300000037,1858,"Kumamoto, Kumamoto Prefecture, Japan",3907295,APA HOTEL Fukuoka Watanabedori Ekimae EXCELLENT,"Just 3 mi (4.8 km) from the airport, APA HOTEL Fukuoka Watanabedori Ekimae EXCELLENT puts you just a 5-minute drive from Canal City Hakata and Port of Hakata. Guests indulge in massages, then grab a bite to eat at the restaurant. Also, Marine Messe Fukuoka and PayPay Dome are within a short drive. Fellow travelers like the overall property condition. The property is just a short walk to public transportation: Watanabe-dori Station is 5 minutes and Tenjin-minami Station is 12 minutes.   "
300000037,1858,"Kumamoto, Kumamoto Prefecture, Japan",38195525,Quintessa Hotel Fukuoka Tenjin Minami,"Quintessa Hotel Fukuoka Tenjin Minami puts you just a 5-minute drive from Canal City Hakata and Port of Hakata. Also, Marine Messe Fukuoka and PayPay Dome are within a short drive. Fellow travelers say good things about the overall property condition and breakfast. The property is just a short walk to public transportation: Watanabe-dori Station is 8 minutes and Yakuin-odori Station is 8 minutes.   "
300000037,1858,"Kumamoto, Kumamoto Prefecture, Japan",39603418,Hotel Trad Hakata,"Just 2.7 mi (4.4 km) from the airport, Hotel Trad Hakata puts you just a 5-minute drive from Canal City Hakata and Port of Hakata. Guests will have free perks like WiFi and wired Internet. Also, Marine Messe Fukuoka and PayPay Dome are within a short drive. Fellow travelers like the helpful staff and nice bathrooms. The property is just a short walk to public transportation: Watanabe-dori Station is 11 minutes and Kushida Shrine Station is 13 minutes.   "
300000037,1858,"Kumamoto, Kumamoto Prefecture, Japan",3907298,APA Hotel Hakata Ekimae 4 chome,"Just 2.5 mi (4 km) from the airport, APA Hotel Hakata Ekimae 4 chome puts you just a 5-minute drive from Canal City Hakata and Port of Hakata. For a bite to eat, guests can check out モーニングエース, which serves breakfast. Also, Marine Messe Fukuoka and PayPay Dome are within a short drive. The property is just a short walk to public transportation: Kushida Shrine Station is 13 minutes and Gion Station is 14 minutes.   "
300000037,1884,"Kagoshima, Kagoshima Prefecture, Japan",6590191,APA Hotel Kagoshimachuo-Ekimae,"Located near a train station, APA Hotel Kagoshimachuo-Ekimae is a great choice for a stay in Kagoshima. You can unwind with a drink at the bar/lounge, and the restaurant is the perfect spot to grab a bite to eat.   "
300000037,1884,"Kagoshima, Kagoshima Prefecture, Japan",92748898,Sheraton Kagoshima,"Sheraton Kagoshima is a great choice for a stay in Kagoshima. Guests can be pampered with massages at the spa, and &More, one of 3 restaurants, serves light fare. This luxurious hotel also features a bar/lounge, a 24-hour fitness center, and a garden.   "
300000037,1884,"Kagoshima, Kagoshima Prefecture, Japan",14339,ART HOTEL Kagoshima,"When visiting Kagoshima, ART HOTEL Kagoshima is a great choice to consider. Guests can indulge in massages, and Kagoshima Bold Kitchen, one of 3 restaurants, serves Fusion cuisine and is open for breakfast. Other features include a seasonal outdoor pool and a children's pool. Fellow travelers like the helpful staff and overall property condition.   "
300000037,1884,"Kagoshima, Kagoshima Prefecture, Japan",15171816,HOTEL MYSTAYS Kagoshima Tenmonkan,"Enjoy your visit to Kagoshima with a stay at HOTEL MYSTAYS Kagoshima Tenmonkan. For a bite to eat, guests can check out Nikanbashi Burger Bar, which serves breakfast, lunch, and dinner. Fellow travelers like the overall property condition.   "
300000037,1884,"Kagoshima, Kagoshima Prefecture, Japan",15252415,Hotel New Nishino,Hotel New Nishino is a great choice for a stay in Kagoshima. Guests can be pampered with sports massages at the spa and grab a bite to eat at the restaurant.   
300000037,1884,"Kagoshima, Kagoshima Prefecture, Japan",11974210,Solaria Nishitetsu Hotel Kagoshima,"Solaria Nishitetsu Hotel Kagoshima is a great choice for a stay in Kagoshima. For a bite to eat, guests can check out KUWAHARA, which serves breakfast, lunch, and dinner. Fellow travelers say good things about the helpful staff and location.   "
300000037,1884,"Kagoshima, Kagoshima Prefecture, Japan",37810165,Hotel Grancerezo Kagoshima,"Hotel Grancerezo Kagoshima is a great choice for a stay in Kagoshima. After visiting the fitness center for a workout, you can grab a bite to eat at the restaurant or unwind with a drink at the bar/lounge. Fellow travelers say good things about the overall property condition.   "
300000037,1884,"Kagoshima, Kagoshima Prefecture, Japan",91267862,Fairfield by Marriott Kagoshima Tarumizu,"When visiting Tarumizu, Fairfield by Marriott Kagoshima Tarumizu is a great choice to consider.   "
300000037,1884,"Kagoshima, Kagoshima Prefecture, Japan",97302225,HOTEL R9 The Yard Satsumasendai,Enjoy your visit to Satsumasendai with a stay at HOTEL R9 The Yard Satsumasendai. Guests will have free perks like WiFi and self parking.   
300000037,1884,"Kagoshima, Kagoshima Prefecture, Japan",95330054,HOTEL R9 The Yard Kanoya,HOTEL R9 The Yard Kanoya is a great choice for a stay in Kanoya. Guests will have free perks like WiFi and self parking.   
300000037,1884,"Kagoshima, Kagoshima Prefecture, Japan",5300635,Lilac Hotels and Resort,"Lilac Hotels and Resort is a great choice for a stay in Kanoya. Guests looking for a bite to eat can check out the coffee shop/cafe, and the bar/lounge is the perfect spot to grab a drink at the end of the day. A terrace and a garden are offered, and in-room conveniences include refrigerators and microwaves.   "
300000037,1884,"Kagoshima, Kagoshima Prefecture, Japan",6543550,Shiroyama Hotel Kagoshima,"When visiting Kagoshima, Shiroyama Hotel Kagoshima is a great choice to consider. Guests can visit the spa to be pampered with massages, facials, or body treatments, and SUIREN, one of 6 restaurants, serves Japanese cuisine and is open for lunch and dinner. Other highlights at this upscale hotel include a bar/lounge, a fitness center, and a sauna. Fellow travelers like the helpful staff and location.   "
300000037,1884,"Kagoshima, Kagoshima Prefecture, Japan",71731812,remm Kagoshima,"When visiting Kagoshima, remm Kagoshima is a great choice to consider. You'll have free perks like WiFi and wired Internet.   "
300000037,1884,"Kagoshima, Kagoshima Prefecture, Japan",76369743,Daiwa Roynet Hotel Kagoshima Tenmonkan PREMIER ,Enjoy your visit to Kagoshima with a stay at Daiwa Roynet Hotel Kagoshima Tenmonkan PREMIER .   
300000037,2368,"Miyakojima, Okinawa Prefecture, Japan",19790961,Hotel Locus,"A great choice for a stay in Miyakojima, Hotel Locus features a rooftop terrace and puts you just 4 mi (6.4 km) from the airport. Guests indulge in massages, then grab a bite to eat at the coffee shop/cafe. An outdoor pool, a bar/lounge, and a terrace are other highlights. The overall property condition and walkable location get good marks from fellow travelers.   "
300000037,2368,"Miyakojima, Okinawa Prefecture, Japan",66851060,HOTEL R9 The Yard Miyakojima,"A great choice for a stay in Miyakojima, HOTEL R9 The Yard Miyakojima is just 2.9 mi (4.6 km) from the airport. Free perks include WiFi and self parking.   "
300000037,2368,"Miyakojima, Okinawa Prefecture, Japan",27558794,"Iraph Sui, a Luxury Collection Hotel","A great choice for a stay in Miyakojima, Iraph Sui, a Luxury Collection Hotel is just 3.4 mi (5.4 km) from the airport. You can indulge in massages, facials, or aromatherapy, and grab a bite to eat at レストラン「TIN'IN（てぃんいん）」, which serves French cuisine and is open for breakfast, lunch, and dinner. Other highlights at this luxurious hotel include a fitness center, a seasonal outdoor pool, and a garden.   "
300000037,2368,"Miyakojima, Okinawa Prefecture, Japan",91071806,Hilton Okinawa Miyako Island Resort,"Hilton Okinawa Miyako Island Resort is a great choice for your beach stay in Miyakojima. 2 indoor pools provide plenty of fun, while guests in the mood for pampering can indulge in facials at the spa. Dining choices include 4 restaurants and the pool bar is a great place to grab a cold drink. A free airport shuttle, a 24-hour fitness center, and a seasonal outdoor pool are other highlights at this upscale hotel. "
300000037,2368,"Miyakojima, Okinawa Prefecture, Japan",9018366,Peace Island Miyakojima Shiyakushodori,"A great choice for a stay in Miyakojima, Peace Island Miyakojima Shiyakushodori is just 4 mi (6.4 km) from the airport. Free perks include WiFi and wired Internet.   "
300000037,2368,"Miyakojima, Okinawa Prefecture, Japan",8968453,Miyako Daiichi Hotel,"A great choice for a stay in Miyakojima, Miyako Daiichi Hotel is just 4.2 mi (6.7 km) from the airport. For a bite to eat, guests can check out Modern Time, which serves breakfast.   "
300000037,2368,"Miyakojima, Okinawa Prefecture, Japan",65697491,Tabino Hotel lit Miyakojima,"A great choice for a stay in Miyakojima, Tabino Hotel lit Miyakojima is just 3.6 mi (5.8 km) from the airport. You can unwind with a drink at the bar/lounge, and the restaurant is the perfect spot to grab a bite to eat. Fellow travelers like the overall property condition.   "
300000037,2368,"Miyakojima, Okinawa Prefecture, Japan",8765989,Central Resort Miyakojima,"A great choice for a stay in Miyakojima, Central Resort Miyakojima features a rooftop terrace and puts you just 4.1 mi (6.7 km) from the airport. For a bite to eat, guests can check out Tea-da-cafe, which serves local cuisine and is open for breakfast.   "
300000037,2368,"Miyakojima, Okinawa Prefecture, Japan",83474449,Hale Hotel Miyakojima,"A great choice for a stay in Miyakojima, Hale Hotel Miyakojima is just 4.4 mi (7 km) from the airport. Free perks include WiFi and self parking.   "
300000037,2368,"Miyakojima, Okinawa Prefecture, Japan",8761694,Hotel Atoll Emerald Miyakojima,"A great choice for a stay in Miyakojima, Hotel Atoll Emerald Miyakojima is just 4 mi (6.5 km) from the airport. Guests can indulge in massages, and Santa Fe, one of 3 restaurants, serves lunch and dinner.   "
300000037,2368,"Miyakojima, Okinawa Prefecture, Japan",8402666,Hotel Rising Sun Miyakojima,"A great choice for a stay in Miyakojima, Hotel Rising Sun Miyakojima is just 2.9 mi (4.6 km) from the airport. For a bite to eat, guests can check out Sana Prima, which serves Regional cuisine and is open for breakfast. Fellow travelers like the overall property condition.   "
300000037,2368,"Miyakojima, Okinawa Prefecture, Japan",33617957,Mr.KINJO MIYAKO ISLAND,"When visiting Miyakojima, this aparthotel is a great choice to consider. Apartments offer up nice touches like deep soaking tubs and slippers, along with balconies and flat-screen TVs.   "
300000037,2368,"Miyakojima, Okinawa Prefecture, Japan",74537879,Cent Resort Villa Miyakojima  MP1,
300000037,2368,"Miyakojima, Okinawa Prefecture, Japan",83318389,BIBI HOTEL MIYAKO KUKOMAE,BIBI HOTEL MIYAKO KUKOMAE puts you just 1.2 mi (2 km) from the airport and 6.2 mi (9.9 km) from Shigira Beach. Guests will have free perks like WiFi and self parking.   
300000037,2489,"Matsuyama, Ehime Prefecture, Japan",5791160,Hotel Fine Garden Matsuyama - Adults Only,Hotel Fine Garden Matsuyama - Adults Only puts you 3.4 mi (5.5 km) from the airport and within a 10-minute drive of Dogo Onsen. You'll have free perks like WiFi and self parking.   
300000037,2489,"Matsuyama, Ehime Prefecture, Japan",13194971,Daiwa Roynet Hotel Matsuyama,Daiwa Roynet Hotel Matsuyama puts you just 4.8 mi (7.7 km) from the airport and a 5-minute drive from Dogo Onsen. Free perks include WiFi and wired Internet. Fellow travelers say good things about the helpful staff and nice bathrooms.   
300000037,2489,"Matsuyama, Ehime Prefecture, Japan",55577109,Comfort Hotel Matsuyama,Comfort Hotel Matsuyama puts you just 3.9 mi (6.2 km) from the airport and a 5-minute drive from Dogo Onsen. Free perks include WiFi and buffet breakfast daily between 6:30 AM and 9:30 AM. Fellow travelers say good things about the overall property condition.   
300000037,2489,"Matsuyama, Ehime Prefecture, Japan",16402,"ANA Crowne Plaza Matsuyama, an IHG Hotel","ANA Crowne Plaza Matsuyama, an IHG Hotel puts you just 4.5 mi (7.3 km) from the airport and a 5-minute drive from Dogo Onsen. Guests can visit the 24-hour fitness center for a workout or grab a bite to eat at Ishizuchi, which is one of 3 restaurants and serves breakfast, lunch, and dinner. Fellow travelers like the helpful staff and overall property condition.   "
300000037,2489,"Matsuyama, Ehime Prefecture, Japan",45420044,HOTEL VISTA Matsuyama,HOTEL VISTA Matsuyama puts you just a 5-minute drive from Dogo Onsen.   
300000037,2489,"Matsuyama, Ehime Prefecture, Japan",19940409,Dormy Inn Matsuyama Natural Hot Spring,Dormy Inn Matsuyama Natural Hot Spring puts you just a 5-minute drive from Dogo Onsen.   
300000037,2489,"Matsuyama, Ehime Prefecture, Japan",552020,Hotel MyStays Matsuyama,"Hotel MyStays Matsuyama puts you just 3.9 mi (6.2 km) from the airport and a 5-minute drive from Dogo Onsen. For a bite to eat, guests can check out 瀬戸内バル　ラ・テラッツァ, which serves Mediterranean cuisine and is open for breakfast, lunch, and dinner.   "
300000037,2489,"Matsuyama, Ehime Prefecture, Japan",10227948,Nest Hotel Matsuyama,Nest Hotel Matsuyama puts you just a 5-minute drive from Dogo Onsen.   
300000037,2489,"Matsuyama, Ehime Prefecture, Japan",444725,Matsuyama Tokyu REI Hotel,Matsuyama Tokyu REI Hotel puts you just 4.7 mi (7.5 km) from the airport and a 5-minute drive from Dogo Onsen. You'll have free perks like WiFi and wired Internet.   
300000037,2489,"Matsuyama, Ehime Prefecture, Japan",17367082,Toyoko Inn Matsuyama Ichibancho,Toyoko Inn Matsuyama Ichibancho puts you just 4.8 mi (7.8 km) from the airport and a 5-minute drive from Dogo Onsen. Free perks include WiFi and buffet breakfast daily between 6:30 AM and 9:00 AM.   
300000037,2489,"Matsuyama, Ehime Prefecture, Japan",90911696,Hotel Route Inn Matsuyama-Katsuyama Dori,Hotel Route Inn Matsuyama-Katsuyama Dori puts you just a 5-minute drive from Dogo Onsen.   
300000037,2489,"Matsuyama, Ehime Prefecture, Japan",69710472,REF Matsuyama City Station by VESSEL HOTELS,"REF Matsuyama City Station by VESSEL HOTELS puts you just 3.9 mi (6.3 km) from the airport and a 5-minute drive from Dogo Onsen. The steam room makes for a relaxing end to the day, and freebies like WiFi and wired Internet are added perks.   "
300000037,2489,"Matsuyama, Ehime Prefecture, Japan",11089816,Candeo Hotels Matsuyama Okaido,"Candeo Hotels Matsuyama Okaido puts you just 4.7 mi (7.5 km) from the airport and a 5-minute drive from Dogo Onsen. You can be pampered with massages, then unwind with a drink at the bar/lounge. The overall property condition and breakfast get good marks from fellow travelers.   "
300000037,2489,"Matsuyama, Ehime Prefecture, Japan",6526462,APA Hotel Matsuyamajyo-Nishi,APA Hotel Matsuyamajyo-Nishi puts you just 4 mi (6.5 km) from the airport and a 5-minute drive from Dogo Onsen. Free perks include WiFi and wired Internet. Fellow travelers say good things about the overall property condition.   
300000037,2554,"Nagoya, Aichi Prefecture, Japan",472819,"ANA Crowne Plaza Hotel Grand Court Nagoya, an IHG Hotel","At ANA Crowne Plaza Hotel Grand Court Nagoya, an IHG Hotel, you'll be 4.1 mi (6.6 km) from Port of Nagoya Aquarium and 5.1 mi (8.2 km) from Vantelin Dome Nagoya. Guests can visit the 24-hour fitness center for a workout or grab a bite to eat at Star Gate, one of 5 restaurants, which serves international cuisine and is open for lunch and dinner. This upscale hotel is also within a short drive of LEGOLAND Japan. Fellow travelers like the overall property condition. The property is just a short walk to public transportation: Nishi Takakura Station is 14 minutes away.   "
300000037,2554,"Nagoya, Aichi Prefecture, Japan",58812329,ibis Styles Nagoya,"At ibis Styles Nagoya, you'll be 4.3 mi (6.9 km) from Vantelin Dome Nagoya and 5.8 mi (9.4 km) from Port of Nagoya Aquarium. For a bite to eat, guests can check out MARKET ST., which serves breakfast, lunch, and dinner. Fellow travelers say good things about the helpful staff and breakfast. Public transportation is just a short walk: Kokusai Center Station is 6 minutes and Meitetsu Nagoya Station is 10 minutes.   "
300000037,2554,"Nagoya, Aichi Prefecture, Japan",45929,Nagoya Kanko Hotel,"When you stay at Nagoya Kanko Hotel, you'll be 3.9 mi (6.3 km) from Vantelin Dome Nagoya and 5.9 mi (9.5 km) from Port of Nagoya Aquarium. After visiting the 24-hour fitness center for a workout, you can grab a bite to eat at one of the 3 restaurants or unwind with a drink at the bar/lounge. Fellow travelers say good things about the helpful staff. Public transportation is just a short walk: Fushimi Station is 2 minutes and Marunouchi Station is 7 minutes.   "
300000037,2554,"Nagoya, Aichi Prefecture, Japan",92888825,"Tiad, Autograph Collection","At Tiad, Autograph Collection, you'll be 3.4 mi (5.4 km) from Vantelin Dome Nagoya and 6.2 mi (10 km) from Port of Nagoya Aquarium. You can splash around at the indoor pool, visit one of the 2 restaurants for a bite to eat, or unwind with a drink at the bar/lounge. Other highlights at this upscale hotel include 2 spa tubs, a 24-hour fitness center, and a sauna. Public transportation is just a short walk: Yabacho Station is steps away and Kamimaezu Station is 9 minutes.   "
300000037,2554,"Nagoya, Aichi Prefecture, Japan",74301720,Courtyard by Marriott Nagoya,Courtyard by Marriott Nagoya puts you 4.2 mi (6.8 km) from Vantelin Dome Nagoya and 5.5 mi (8.9 km) from Port of Nagoya Aquarium. You can grab a bite to eat at the coffee shop/cafe or wind down at the end of the day with a drink from the bar/lounge. Fellow travelers say great things about the helpful staff. The property is just a short walk to public transportation: Fushimi Station is 9 minutes and Osu Kannon Station is 12 minutes.   
300000037,2554,"Nagoya, Aichi Prefecture, Japan",454870,Nagoya Marriott Associa Hotel,"When you stay at Nagoya Marriott Associa Hotel, you'll be 4.2 mi (6.8 km) from Vantelin Dome Nagoya and 6 mi (9.7 km) from Port of Nagoya Aquarium. The indoor pool is a great spot to take a dip, and guests can grab a bite to eat at Pergola, which serves international cuisine and is open for breakfast, lunch, and dinner. A bar/lounge, a 24-hour fitness center, and a fitness center are other highlights at this luxurious hotel. Fellow travelers love the helpful staff. Public transportation is just a short walk: Meitetsu Nagoya Station is 4 minutes and Kokusai Center Station is 6 minutes.   "
300000037,2554,"Nagoya, Aichi Prefecture, Japan",49038447,Polaris 101,
300000037,2554,"Nagoya, Aichi Prefecture, Japan",4291194,APA Hotel Nagoya-Sakae,"APA Hotel Nagoya-Sakae puts you 3.1 mi (5 km) from Vantelin Dome Nagoya. For a bite to eat, guests can check out 1F　朝食会場 三河珈琲店, which serves breakfast, lunch, and dinner. Fellow travelers say good things about the overall property condition. Public transportation is just a short walk: Sakae Station is 7 minutes and Yabacho Station is 10 minutes.   "
300000037,2554,"Nagoya, Aichi Prefecture, Japan",16256,Hilton Nagoya,"At Hilton Nagoya, you'll be 4 mi (6.4 km) from Vantelin Dome Nagoya and 5.8 mi (9.4 km) from Port of Nagoya Aquarium. Guests can indulge in facials, and Inplace3-3, one of 3 restaurants, serves breakfast, lunch, and dinner. An indoor pool, a bar/lounge, and a 24-hour fitness center are other highlights at this upscale hotel. Public transportation is just a short walk: Fushimi Station is 5 minutes and Marunouchi Station is 10 minutes.   "
300000037,2554,"Nagoya, Aichi Prefecture, Japan",9717677,Meitetsu Grand Hotel,"Meitetsu Grand Hotel puts you 4.3 mi (6.9 km) from Vantelin Dome Nagoya and 5.8 mi (9.4 km) from Port of Nagoya Aquarium. You can relax with a drink at the bar/lounge, and the 2 restaurants are nice spots to grab a bite to eat. Fellow travelers like that it's just a short walk to public transportation: Meitetsu Nagoya Station is 2 minutes away and Kokusai Center Station is 8 minutes. "
300000037,2554,"Nagoya, Aichi Prefecture, Japan",24295911,APA Hotel Nagoya Sakae Kita ,"APA Hotel Nagoya Sakae Kita  puts you 3 mi (4.9 km) from Vantelin Dome Nagoya. Guests indulge in massages, then grab a bite to eat at the restaurant. Public transportation is just a short walk: Hisaya-odori Station is 3 minutes and Sakae Station is 9 minutes.   "
300000037,2554,"Nagoya, Aichi Prefecture, Japan",3892549,APA Hotel Nagoya Nishiki Excellent,"APA Hotel Nagoya Nishiki Excellent puts you 3.2 mi (5.1 km) from Vantelin Dome Nagoya. Guests can visit the health club for a workout, and freebies like WiFi and wired Internet are added perks. The property is just a short walk to public transportation: Sakae Station is 4 minutes and Hisaya-odori Station is 5 minutes.   "
300000037,2554,"Nagoya, Aichi Prefecture, Japan",19225047,Nagoya Prince Hotel Sky Tower,"At Nagoya Prince Hotel Sky Tower, you'll be 4.8 mi (7.8 km) from Vantelin Dome Nagoya and 5.4 mi (8.7 km) from Port of Nagoya Aquarium. The restaurant is the perfect spot for a bite to eat, and after visiting the fitness center for a workout, you can unwind with a drink at the bar/lounge. Fellow travelers say good things about the helpful staff and overall property condition. The property is just a short walk to public transportation: Meitetsu Nagoya Station is 14 minutes away.   "
300000037,2554,"Nagoya, Aichi Prefecture, Japan",472819,"ANA Crowne Plaza Hotel Grand Court Nagoya, an IHG Hotel","At ANA Crowne Plaza Hotel Grand Court Nagoya, an IHG Hotel, you'll be 4.1 mi (6.6 km) from Port of Nagoya Aquarium and 5.1 mi (8.2 km) from Vantelin Dome Nagoya. Guests can visit the 24-hour fitness center for a workout or grab a bite to eat at Star Gate, one of 5 restaurants, which serves international cuisine and is open for lunch and dinner. This upscale hotel is also within a short drive of LEGOLAND Japan. Fellow travelers like the overall property condition. The property is just a short walk to public transportation: Nishi Takakura Station is 14 minutes away.   "
300000037,2555,"Nagasaki, Nagasaki Prefecture, Japan",67386518,Hilton Nagasaki,"Located near a train station, Hilton Nagasaki is a great choice for a stay in Nagasaki. Guests can be pampered with spa services at the spa and grab a bite to eat at one of the 3 restaurants. Other highlights include a fitness center and a bar/lounge. Fellow travelers say good things about the helpful staff and access to public transport.   "
300000037,2555,"Nagasaki, Nagasaki Prefecture, Japan",44400309,Candeo Hotels Nagasaki Shinchi Chinatown,Candeo Hotels Nagasaki Shinchi Chinatown is a great choice for a stay in Nagasaki. Fellow travelers like the helpful staff and overall property condition.   
300000037,2555,"Nagasaki, Nagasaki Prefecture, Japan",50681089,Dormy Inn Premium Nagasaki-ekimae,Enjoy your visit to Nagasaki with a stay at Dormy Inn Premium Nagasaki-ekimae. Free perks include WiFi and wired Internet. Fellow travelers like the helpful staff and overall property condition.   
300000037,2555,"Nagasaki, Nagasaki Prefecture, Japan",67386518,Hilton Nagasaki,"Located near a train station, Hilton Nagasaki is a great choice for a stay in Nagasaki. Guests can be pampered with spa services at the spa and grab a bite to eat at one of the 3 restaurants. Other highlights include a fitness center and a bar/lounge. Fellow travelers say good things about the helpful staff and access to public transport.   "
300000037,2555,"Nagasaki, Nagasaki Prefecture, Japan",1607900,Hotel Monterey Nagasaki,"Located near a train station, Hotel Monterey Nagasaki is a great choice for a stay in Nagasaki. Guests will have free perks like WiFi and wired Internet. Other highlights at this upscale hotel include a terrace and a garden.   "
300000037,2555,"Nagasaki, Nagasaki Prefecture, Japan",2172857,S Peria Hotel Nagasaki,S Peria Hotel Nagasaki is a great choice for a stay in Nagasaki. Free perks include WiFi and wired Internet.   
300000037,2555,"Nagasaki, Nagasaki Prefecture, Japan",75819185,THE GLOBAL VIEW Nagasaki,Enjoy your visit to Nagasaki with a stay at THE GLOBAL VIEW Nagasaki. Fellow travelers say good things about the overall property condition.   
300000037,2555,"Nagasaki, Nagasaki Prefecture, Japan",4648417,Hotel Route-Inn Isahaya Inter,"When visiting Isahaya, Hotel Route-Inn Isahaya Inter is a great choice to consider. Guests indulge in massages, then grab a bite to eat at the restaurant.   "
300000037,2555,"Nagasaki, Nagasaki Prefecture, Japan",3970706,Chisun Inn Nagasaki Airport,"A great choice for a stay in Omura, Chisun Inn Nagasaki Airport is just 2.1 mi (3.4 km) from the airport. Guests will have free perks like WiFi, self parking, and wired Internet. Fellow travelers like the overall property condition.   "
300000037,2555,"Nagasaki, Nagasaki Prefecture, Japan",31661039,Omura Station Hotel,"A great choice for a stay in Omura, Omura Station Hotel is just 2 mi (3.3 km) from the airport. Guests will have free perks like WiFi, self parking, and wired Internet.   "
300000037,2555,"Nagasaki, Nagasaki Prefecture, Japan",54511703,Omura Station Hotel Nagasaki Airport,"A great choice for a stay in Omura, Omura Station Hotel Nagasaki Airport is just 2.1 mi (3.4 km) from the airport. Guests will have free perks like WiFi and self parking.   "
300000037,2555,"Nagasaki, Nagasaki Prefecture, Japan",68272439,Jisco Hotel Saikai,Jisco Hotel Saikai is a great choice for a stay in Saikai. Guests will have free perks like WiFi and self parking.   
300000037,2555,"Nagasaki, Nagasaki Prefecture, Japan",93144065,Jisco Hotel Obama Onsen,Enjoy your visit to Unzen with a stay at Jisco Hotel Obama Onsen.   
300000037,2555,"Nagasaki, Nagasaki Prefecture, Japan",14835446,Hotel Bliss Villa Hasami,"Enjoy your visit to Hasami-cho with a stay at Hotel Bliss Villa Hasami. Guests will have free perks like WiFi, self parking, and wired Internet.   "
300000037,2655,"Naha, Okinawa Prefecture, Japan",18554181,JR KYUSHU HOTEL Blossom Naha,"Located 4.1 mi (6.6 km) from the airport, JR KYUSHU HOTEL Blossom Naha puts you 0.1 mi (0.1 km) from Kokusai Dori and 0.6 mi (0.9 km) from Tomari Port. You'll have free perks like WiFi and wired Internet. This upscale hotel is also 2.3 mi (3.8 km) from Shurijo Castle. Fellow travelers like that it's just a short walk to public transportation: Miebashi Station is 5 minutes away and Makishi Station is 9 minutes. "
300000037,2655,"Naha, Okinawa Prefecture, Japan",3558198,Novotel Okinawa Naha,"Novotel Okinawa Naha features a free kids' club and puts you just a 5-minute drive from Kokusai Dori. Guests can take a dip in the seasonal outdoor pool or grab a bite to eat at FOOD EXCHANGE AVANCER, which is one of 3 restaurants and serves breakfast, lunch, and dinner. A bar/lounge, a 24-hour fitness center, and a fitness center are other highlights at this luxurious hotel. The pool and overall property condition get good marks from fellow travelers.   "
300000037,2655,"Naha, Okinawa Prefecture, Japan",16506,Okinawa NaHaNa Hotel & Spa,"Located 3.3 mi (5.3 km) from the airport, Okinawa NaHaNa Hotel & Spa puts you 0.3 mi (0.4 km) from Kokusai Dori and 0.9 mi (1.5 km) from Tomari Port. Guests can be pampered with spa services at the spa and grab a bite to eat at the restaurant. This upscale hotel is also 3.3 mi (5.2 km) from Shurijo Castle. Fellow travelers like that it's just a short walk to public transportation: Asahibashi Station is 4 minutes away and Kenchomae Station is 5 minutes. "
300000037,2655,"Naha, Okinawa Prefecture, Japan",8375,Naha Tokyu REI Hotel,"Located 3.1 mi (4.9 km) from the airport, Naha Tokyu REI Hotel puts you 0.2 mi (0.4 km) from Kokusai Dori and 1.4 mi (2.2 km) from Tomari Port. You'll have free perks like WiFi and wired Internet. Also, this hotel is 3.7 mi (6 km) from Shurijo Castle. Fellow travelers like that it's just a short walk to public transportation: Asahibashi Station is 5 minutes away and Tsubogawa Station is 6 minutes. "
300000037,2655,"Naha, Okinawa Prefecture, Japan",3906688,APA Hotel Naha,"Located 3.2 mi (5.2 km) from the airport, APA Hotel Naha puts you 0.4 mi (0.6 km) from Kokusai Dori and 0.6 mi (1 km) from Tomari Port. You can visit the spa to indulge in massages or body treatments, and Churaumi-Kazenooka serves breakfast and dinner. Also, this hotel is 2.9 mi (4.6 km) from Shurijo Castle. The property is just a short walk to public transportation: Kenchomae Station is 6 minutes and Miebashi Station is 8 minutes.   "
300000037,2655,"Naha, Okinawa Prefecture, Japan",5094751,DoubleTree by Hilton Hotel Naha,"Located 3 mi (4.8 km) from the airport, DoubleTree by Hilton Hotel Naha puts you 0.2 mi (0.3 km) from Kokusai Dori and 1.1 mi (1.8 km) from Tomari Port. For a bite to eat, guests can check out The Riverside Cafe, which serves international cuisine and is open for breakfast, lunch, and dinner. This upscale hotel is also 3.4 mi (5.5 km) from Shurijo Castle. The property is just a short walk to public transportation: Kenchomae Station is 8 minutes and Asahibashi Station is 9 minutes.   "
300000037,2655,"Naha, Okinawa Prefecture, Japan",18673208,Hotel AQUA CITTA Naha,"Located 3.9 mi (6.3 km) from the airport, Hotel AQUA CITTA Naha features a rooftop terrace and puts you just a 5-minute drive from Kokusai Dori. You can splash around at the outdoor pool, grab a bite to eat at the restaurant, or unwind with a drink at the bar/lounge. Other features include a poolside bar and a terrace. The pool and helpful staff get good marks from fellow travelers. The property is just a short walk to public transportation: Miebashi Station is 6 minutes and Kenchomae Station is 13 minutes.   "
300000037,2655,"Naha, Okinawa Prefecture, Japan",4937712,Solvita Hotel Naha,"Located 3.2 mi (5.1 km) from the airport, Solvita Hotel Naha puts you 0.5 mi (0.8 km) from Kokusai Dori and 0.5 mi (0.8 km) from Tomari Port. Guests indulge in massages, then grab a bite to eat at the restaurant. Also, this hotel is 3 mi (4.8 km) from Shurijo Castle. Fellow travelers like the overall property condition. The property is just a short walk to public transportation: Miebashi Station is 9 minutes and Kenchomae Station is 9 minutes.   "
300000037,2655,"Naha, Okinawa Prefecture, Japan",3558198,Novotel Okinawa Naha,"Novotel Okinawa Naha features a free kids' club and puts you just a 5-minute drive from Kokusai Dori. Guests can take a dip in the seasonal outdoor pool or grab a bite to eat at FOOD EXCHANGE AVANCER, which is one of 3 restaurants and serves breakfast, lunch, and dinner. A bar/lounge, a 24-hour fitness center, and a fitness center are other highlights at this luxurious hotel. The pool and overall property condition get good marks from fellow travelers.   "
300000037,2655,"Naha, Okinawa Prefecture, Japan",2473847,Loisir Hotel Naha,"Located 3.4 mi (5.5 km) from the airport, Loisir Hotel Naha puts you 0.8 mi (1.2 km) from Kokusai Dori and 1.5 mi (2.3 km) from Tomari Port. You can splash around at the indoor pool, visit one of the 2 restaurants for a bite to eat, or unwind with a drink at the bar/lounge. Other features include a 24-hour fitness center, a spa tub, and a seasonal outdoor pool. Fellow travelers like the overall property condition and breakfast.   "
300000037,2655,"Naha, Okinawa Prefecture, Japan",5290607,Pacific Hotel Okinawa,"Located 3.3 mi (5.3 km) from the airport, Pacific Hotel Okinawa puts you 0.7 mi (1.2 km) from Kokusai Dori and 1.3 mi (2.1 km) from Tomari Port. For a bite to eat, guests can check out Garden Restaurant Ryutan, one of 2 restaurants, which serves breakfast, lunch, and dinner. A bar/lounge, a snack bar/deli, and a terrace are other highlights. Fellow travelers say good things about the helpful staff.   "
300000037,2655,"Naha, Okinawa Prefecture, Japan",12385623,Hotel Gracery Naha,"Located 3.5 mi (5.6 km) from the airport, Hotel Gracery Naha puts you 0.1 mi (0.1 km) from Kokusai Dori and 0.8 mi (1.3 km) from Tomari Port. Free perks include WiFi and wired Internet. Also, this hotel is 2.6 mi (4.3 km) from Shurijo Castle. Fellow travelers say good things about the breakfast. The property is just a short walk to public transportation: Kenchomae Station is 4 minutes and Miebashi Station is 10 minutes.   "
300000037,2655,"Naha, Okinawa Prefecture, Japan",3981115,Loisir Spa Tower Naha,"Located 3.4 mi (5.5 km) from the airport, Loisir Spa Tower Naha puts you 0.7 mi (1.2 km) from Kokusai Dori and 1.5 mi (2.3 km) from Tomari Port. Guests can visit the spa to indulge in massages, aromatherapy, or Ayurvedic treatments, and All Day Dining FONTAINE serves breakfast, lunch, and dinner. Other highlights at this upscale hotel include an indoor pool, an outdoor pool, and a bar/lounge. Public transportation is close by: Asahibashi Station is just 14 minutes by foot.   "
300000037,2655,"Naha, Okinawa Prefecture, Japan",4950921,Smile Hotel Okinawa Naha,"Located 3.9 mi (6.3 km) from the airport, Smile Hotel Okinawa Naha puts you 0.1 mi (0.1 km) from Tomari Port and 0.7 mi (1.1 km) from Kokusai Dori. Free perks include WiFi and wired Internet. Also, this hotel is 2.6 mi (4.2 km) from Shurijo Castle. The property is just a short walk to public transportation: Miebashi Station is 7 minutes and Kenchomae Station is 15 minutes.   "
300000037,2697,"Osaka, Osaka Prefecture, Japan",22877,Grand Prince Hotel Osaka Bay,"Putting you just a 5-minute drive from Osaka Aquarium Kaiyukan and Intex Osaka, Grand Prince Hotel Osaka Bay offers an airport shuttle during limited hours for JPY 1600 per person. Guests can visit the spa to indulge in deep-tissue massages, facials, or body treatments, and international cuisine is served at The Café, which is open for breakfast, lunch, and dinner. Other highlights at this luxurious hotel include an indoor pool, an outdoor pool, and a poolside bar. The helpful staff and overall property condition get good marks from fellow travelers. Public transportation is just a short walk: Nakafuto Station is 6 minutes and Trade Center-mae Station is 7 minutes.   "
300000037,2697,"Osaka, Osaka Prefecture, Japan",2492916,Hotel Monterey Grasmere Osaka,"When you stay at Hotel Monterey Grasmere Osaka, you'll be within a 15-minute walk of Dotonbori and Kuromon Ichiba Market. Guests can indulge in massages, and ESCALE, one of 3 restaurants, serves lunch and dinner. This upscale hotel is also just a 5-minute drive from Kyocera Dome Osaka and Nipponbashi. Fellow travelers like that it's only a short walk to public transportation: Namba Station is steps away and JR Namba Station is 5 minutes. "
300000037,2697,"Osaka, Osaka Prefecture, Japan",36829284,APA Hotel ï¼† Resort Midosuji Hommachi Eki Tower,"APA Hotel ＆ Resort Midosuji Hommachi Eki Tower puts you just a 5-minute drive from Dotonbori and Kyocera Dome Osaka. The seasonal outdoor pool is a great spot to take a dip, and guests can grab a bite to eat at ラ・ベランダ, which serves Japanese cuisine and is open for breakfast, lunch, and dinner. Also, Osaka Castle and Orix Theater are just a 5-minute drive away. Fellow travelers like that it's only a short walk to public transportation: Hommachi Station is steps away and Sakaisuji-hommachi Station is 8 minutes. "
300000037,2697,"Osaka, Osaka Prefecture, Japan",3895692,APA Hotel Osaka Higobashi Station,"When you stay at APA Hotel Osaka Higobashi Station, you'll be just a 5-minute drive from Dotonbori and Kyocera Dome Osaka. For a bite to eat, guests can check out LA VERANDA, one of 2 restaurants, which serves breakfast, lunch, and dinner. Also, Orix Theater and Nipponbashi are just a 5-minute drive away. Public transportation is just a short walk: Higobashi Station is steps away and Nishi-Umieda Station is 9 minutes.   "
300000037,2697,"Osaka, Osaka Prefecture, Japan",3895697,APA Hotel Yodoyabashi Ekimae,"APA Hotel Yodoyabashi Ekimae puts you just a 5-minute drive from Dotonbori and Kyocera Dome Osaka. After relaxing in the sauna, guests can grab a bite to eat at KENT EAST, which serves breakfast, lunch, and dinner. Also, Orix Theater and Nipponbashi are just a 5-minute drive away. Fellow travelers like that it's just a short walk to public transportation: Hommachi Station is 9 minutes away and Higobashi Station is 11 minutes. "
300000037,2697,"Osaka, Osaka Prefecture, Japan",60351912,W Osaka,"When you stay at W Osaka, you'll be within a 15-minute walk of Dotonbori and Orix Theater. You can indulge in deep-tissue massages, facials, or aromatherapy, and OH.LALA…, one of 4 restaurants, serves French cuisine and is open for breakfast, lunch, and dinner. Other highlights at this luxurious hotel include 2 bars/lounges, an indoor pool, and a poolside bar. Public transportation is just a short walk: Shinsaibashi Station is 4 minutes and Hommachi Station is 6 minutes.   "
300000037,2697,"Osaka, Osaka Prefecture, Japan",5696173,"InterContinental Osaka, an IHG Hotel","Putting you within a 10-minute drive of Dotonbori and Kyocera Dome Osaka, InterContinental Osaka, an IHG Hotel offers an airport shuttle at scheduled times for JPY 1600 per person. Guests can visit the spa to be pampered with deep-tissue massages, aromatherapy, or reflexology, and Pierre, one of 2 restaurants, serves French cuisine and is open for lunch and dinner. Other highlights at this luxurious hotel include 2 bars/lounges, an indoor pool, and a 24-hour fitness center. Public transportation is just a short walk: Umeda Station (Hankyu) is 8 minutes and Nakatsu Station is 8 minutes.   "
300000037,2697,"Osaka, Osaka Prefecture, Japan",3894514,APA Hotel Osaka Tanimachi Yonchome Station,"At APA Hotel Osaka Tanimachi Yonchome Station, you'll be just a 5-minute drive from Dotonbori and Osaka Castle. Guests can indulge in massages, and Kyoto Ginyuba serves breakfast, lunch, and dinner. Also, Kyocera Dome Osaka and Orix Theater are just a 5-minute drive away. Public transportation is just a short walk: Tanimachi 4-chome Station is 2 minutes and Tanimachi 6-chome Station is 7 minutes.   "
300000037,2697,"Osaka, Osaka Prefecture, Japan",61592361,APA Hotel Osaka Temmabashi Ekimae,"At APA Hotel Osaka Temmabashi Ekimae, you'll be just a 5-minute drive from Dotonbori and Osaka Castle. For a bite to eat, guests can check out とんかつ　さくとん, which serves breakfast, lunch, and dinner. Also, Orix Theater and Kuromon Ichiba Market are just a 5-minute drive away. Fellow travelers like that it's just a short walk to public transportation: Tanimachi 4-chome Station is 9 minutes away and Osakajo-kitazume Station is 15 minutes. "
300000037,2697,"Osaka, Osaka Prefecture, Japan",89025405,Just Sleep Osaka Shinsaibashi,"Just Sleep Osaka Shinsaibashi puts you in a great location, within a 15-minute walk of Dotonbori and Orix Theater. Also, Kyocera Dome Osaka and Nipponbashi are just a 5-minute drive away. Public transportation is just a short walk: Shinsaibashi Station is 7 minutes and Nagahoribashi Station is 7 minutes.   "
300000037,2697,"Osaka, Osaka Prefecture, Japan",4433,Swissotel Nankai Osaka,"Swissotel Nankai Osaka offers a great location, putting you within just a 10-minute walk of Dotonbori and Nipponbashi. Guests can visit the spa to be pampered with massages, facials, or body treatments, and Table36, one of 5 restaurants, serves international cuisine and is open for breakfast, lunch, and dinner. An indoor pool, a bar/lounge, and a fitness center are other highlights at this luxurious hotel. Fellow travelers like that it's just a short walk to public transportation: Namba Station (Nankai) is 5 minutes away and Namba Station is 6 minutes. "
300000037,2697,"Osaka, Osaka Prefecture, Japan",29325600,APA Hotel Yodoyabashi Kitahama Ekimae,"APA Hotel Yodoyabashi Kitahama Ekimae puts you just a 5-minute drive from Dotonbori and Kyocera Dome Osaka. You'll have free perks like WiFi and wired Internet. Also, Orix Theater and Nipponbashi are just a 5-minute drive away. The property is just a short walk to public transportation: Hommachi Station is 12 minutes and Sakaisuji-hommachi Station is 12 minutes.   "
300000037,2697,"Osaka, Osaka Prefecture, Japan",78647457,APA HOTELï¼†RESORTã€ˆOSAKA UMEDA EKI TOWERã€‰,"APA HOTEL＆RESORT〈OSAKA UMEDA EKI TOWER〉 puts you just a 5-minute drive from Dotonbori and Orix Theater. Guests will have free perks like WiFi and wired Internet. Also, Nipponbashi and Kuromon Ichiba Market are just a 5-minute drive away. Fellow travelers like that it's just a short walk to public transportation: Umeda Station (Hanshin) is 8 minutes away and Nishi-Umieda Station is 9 minutes. "
300000037,2697,"Osaka, Osaka Prefecture, Japan",33646296,JR WEST GROUP VIA INN Prime SHINSAIBASHI YOTSUBASHI,"JR WEST GROUP VIA INN Prime SHINSAIBASHI YOTSUBASHI puts you in a great location, within a 15-minute walk of Dotonbori and Orix Theater. Also, Kyocera Dome Osaka and Nipponbashi are just a 5-minute drive away. The helpful staff and overall property condition get good marks from fellow travelers. Public transportation is just a short walk: Yotsubashi Station is steps away and Nishiohashi Station is 4 minutes.   "
300000037,3110,"Sendai, Miyagi Prefecture, Japan",6284150,Sendai Royal Park Hotel,"Adjacent to a golf course, Sendai Royal Park Hotel is a great choice for a stay in Sendai. Guests can indulge in massages or Ayurvedic treatments, and Garden Restaurant, one of 3 restaurants, serves French cuisine and is open for breakfast, lunch, and dinner. A bar/lounge, a terrace, and a garden are other highlights at this upscale hotel. Fellow travelers say good things about the helpful staff and overall property condition.   "
300000037,3110,"Sendai, Miyagi Prefecture, Japan",6088741,Mitsui Garden Hotel Sendai,"Located near a train station, Mitsui Garden Hotel Sendai is a great choice for a stay in Sendai. Guests can visit the spa to indulge in massages, facials, or body treatments, and Italian cuisine is served at Barolo, which is open for breakfast, lunch, and dinner. Fellow travelers say good things about the helpful staff and overall property condition. The property is just a short walk to public transportation: Hirose-dori Station is 4 minutes and Kotodai-Koen Station is 6 minutes.   "
300000037,3110,"Sendai, Miyagi Prefecture, Japan",35093254,HOTEL LiVEMAX SENDAI AOBADORI,Enjoy your visit to Sendai with a stay at HOTEL LiVEMAX SENDAI AOBADORI. Free perks include WiFi and wired Internet. The property is just a short walk to public transportation: Hirose-dori Station is 14 minutes away.   
300000037,3110,"Sendai, Miyagi Prefecture, Japan",6284150,Sendai Royal Park Hotel,"Adjacent to a golf course, Sendai Royal Park Hotel is a great choice for a stay in Sendai. Guests can indulge in massages or Ayurvedic treatments, and Garden Restaurant, one of 3 restaurants, serves French cuisine and is open for breakfast, lunch, and dinner. A bar/lounge, a terrace, and a garden are other highlights at this upscale hotel. Fellow travelers say good things about the helpful staff and overall property condition.   "
300000037,3110,"Sendai, Miyagi Prefecture, Japan",45953,Hotel Metropolitan Sendai,"Located near a train station, Hotel Metropolitan Sendai is a great choice for a stay in Sendai. The bar is a great place to grab a drink, and guests looking for a bite to eat can check out Restaurant Serenity, one of 3 restaurants, which serves breakfast, lunch, and dinner. Fellow travelers like that it's just a short walk to public transportation: Itsutsu-Bashi Station is 10 minutes away and Hirose-dori Station is 11 minutes. "
300000037,3110,"Sendai, Miyagi Prefecture, Japan",3729195,Hotel Monte Hermana Sendai,"Located near a train station, Hotel Monte Hermana Sendai is a great choice for a stay in Sendai. Guests will have free perks like WiFi and wired Internet. Fellow travelers like that it's just a short walk to public transportation: Hirose-dori Station is 5 minutes away and Kotodai-Koen Station is 14 minutes. "
300000037,3110,"Sendai, Miyagi Prefecture, Japan",795075,"Holiday Inn ANA Sendai, an IHG Hotel","Located near a train station, Holiday Inn ANA Sendai, an IHG Hotel is a great choice for a stay in Sendai. For a bite to eat, guests can check out Casual Dining Chefs Table, which serves international cuisine and is open for breakfast, lunch, and dinner. Fellow travelers say good things about the breakfast. Public transportation is just a short walk: Itsutsu-Bashi Station is 6 minutes and Atago-Bashi Station is 12 minutes.   "
300000037,3110,"Sendai, Miyagi Prefecture, Japan",23942255,Richmond Hotel Sendai,Richmond Hotel Sendai is a great choice for a stay in Sendai. Public transportation is just a short walk: Hirose-dori Station is 10 minutes and Kotodai-Koen Station is 14 minutes.   
300000037,3110,"Sendai, Miyagi Prefecture, Japan",29107850,Hotel Sankyo Fukushima,Enjoy your visit to Fukushima with a stay at Hotel Sankyo Fukushima. Fellow travelers like the overall property condition and breakfast.   
300000037,3110,"Sendai, Miyagi Prefecture, Japan",17080798,Apa Hotel Fukushima-Ekimae,"Located near a train station, Apa Hotel Fukushima-Ekimae is a great choice for a stay in Fukushima. Guests can indulge in massages at the spa, and Cafe Tora serves breakfast, lunch, and dinner. Fellow travelers say good things about the overall property condition.   "
300000037,3110,"Sendai, Miyagi Prefecture, Japan",66441177,Henn na Hotel Sendai Kokubuncho,Enjoy your visit to Sendai with a stay at Henn na Hotel Sendai Kokubuncho. Fellow travelers say good things about the overall property condition. The property is just a short walk to public transportation: Hirose-dori Station is 6 minutes and Kotodai-Koen Station is 7 minutes.   
300000037,3110,"Sendai, Miyagi Prefecture, Japan",41457645,DaiwaRoynetHotel Sendai Ichibanchou PREMIER,"Located in the entertainment district, DaiwaRoynetHotel Sendai Ichibanchou PREMIER is a great choice for a stay in Sendai. Public transportation is just a short walk: Hirose-dori Station is 4 minutes and Kotodai-Koen Station is 7 minutes.   "
300000037,3110,"Sendai, Miyagi Prefecture, Japan",58820497,HOTEL LiVEMAX SENDAI KOKUBUNCHO,"When visiting Sendai, HOTEL LiVEMAX SENDAI KOKUBUNCHO is a great choice to consider. The property is just a short walk to public transportation: Hirose-dori Station is 11 minutes and Kotodai-Koen Station is 14 minutes.   "
300000037,3110,"Sendai, Miyagi Prefecture, Japan",28591649,Hotel Johzenji,Hotel Johzenji is a great choice for a stay in Sendai. Guests can be pampered with massages at the spa. The property is just a short walk to public transportation: Kotodai-Koen Station is 5 minutes and Kita-Yonbancho Station is 11 minutes.   
300000037,3250,"Sapporo, Hokkaido Prefecture, Japan",2567836,Mercure Hotel Sapporo,"When you stay at Mercure Hotel Sapporo, you'll be just a 5-minute drive from Odori Park and Hokkaido University. Guests can visit the fitness center for a workout or grab a bite to eat at Bordeaux, which serves French cuisine and is open for breakfast, lunch, and dinner. This upscale hotel is also 0.1 mi (0.2 km) from Tanukikoji Shopping Street and 4.6 mi (7.4 km) from Makomanai Sekisui Heim Ice Arena. The helpful staff and location get good marks from fellow travelers. The property is just a short walk to public transportation: Hosui-Susukino Station is 2 minutes and Susukino Station is 3 minutes.   "
300000037,3250,"Sapporo, Hokkaido Prefecture, Japan",1687035,Sapporo Prince Hotel,"When you stay at Sapporo Prince Hotel, you'll be just a 5-minute drive from Odori Park and Hokkaido University. The lobby lounge is a great place to grab a drink, and guests looking for a bite to eat can check out Le Trianon French Restaur, one of 4 restaurants, which serves French cuisine. This upscale hotel is also 0.2 mi (0.4 km) from Tanukikoji Shopping Street and 4.1 mi (6.6 km) from Makomanai Sekisui Heim Ice Arena. Fellow travelers like the helpful staff. Public transportation is just a short walk: Chuo-Kuyakusho-Mae Stop is 3 minutes and Nishi-juitchome Station is 4 minutes.   "
300000037,3250,"Sapporo, Hokkaido Prefecture, Japan",1611854,Hotel Monterey Edelhof Sapporo,"Just 4.8 mi (7.8 km) from the airport, Hotel Monterey Edelhof Sapporo puts you just a 5-minute drive from Hokkaido University and Odori Park. Guests can indulge in massages at the spa, and Japanese cuisine is served at 隨縁亭/ZUIENTEI, which is open for lunch and dinner. This luxurious hotel is also 0.5 mi (0.8 km) from Tanukikoji Shopping Street and 5.4 mi (8.7 km) from Makomanai Sekisui Heim Ice Arena. Fellow travelers say good things about the helpful staff and breakfast. The property is just a short walk to public transportation: Odori Station is 8 minutes and Nishi-Yon-Chome Stop is 12 minutes.   "
300000037,3250,"Sapporo, Hokkaido Prefecture, Japan",2567836,Mercure Hotel Sapporo,"When you stay at Mercure Hotel Sapporo, you'll be just a 5-minute drive from Odori Park and Hokkaido University. Guests can visit the fitness center for a workout or grab a bite to eat at Bordeaux, which serves French cuisine and is open for breakfast, lunch, and dinner. This upscale hotel is also 0.1 mi (0.2 km) from Tanukikoji Shopping Street and 4.6 mi (7.4 km) from Makomanai Sekisui Heim Ice Arena. The helpful staff and location get good marks from fellow travelers. The property is just a short walk to public transportation: Hosui-Susukino Station is 2 minutes and Susukino Station is 3 minutes.   "
300000037,3250,"Sapporo, Hokkaido Prefecture, Japan",3653978,Tenza Hotel & SKYSPA at Sapporo Central,"When you stay at Tenza Hotel & SKYSPA at Sapporo Central, you'll be just a 5-minute drive from Odori Park and Hokkaido University. Guests can indulge in spa services, and レストラン serves breakfast, lunch, and dinner. This upscale hotel is also 0.1 mi (0.1 km) from Tanukikoji Shopping Street and 4.3 mi (7 km) from Makomanai Sekisui Heim Ice Arena. Fellow travelers like that it's just a short walk to public transportation: Nishi-Hatchome Stop is 2 minutes away and Chuo-Kuyakusho-Mae Stop is 6 minutes. "
300000037,3250,"Sapporo, Hokkaido Prefecture, Japan",1103506,APA Hotel TKP Sapporo Ekimae,"Located 4.9 mi (7.9 km) from the airport, APA Hotel TKP Sapporo Ekimae offers a great location, putting you within a 15-minute walk of Hokkaido University and Odori Park. Guests can indulge in massages, then grab a bite to eat at one of the 2 restaurants. Also, this hotel is 0.5 mi (0.8 km) from Tanukikoji Shopping Street and 5.2 mi (8.3 km) from Makomanai Sekisui Heim Ice Arena. Fellow travelers like that it's just a short walk to public transportation: Odori Station is 6 minutes away and Nishi-Yon-Chome Stop is 10 minutes. "
300000037,3250,"Sapporo, Hokkaido Prefecture, Japan",88839750,41PIECES Sapporo,"When you stay at 41PIECES Sapporo, you'll be just a 5-minute drive from Odori Park and Hokkaido University. Also, this hotel is 0.1 mi (0.1 km) from Tanukikoji Shopping Street and 4.6 mi (7.4 km) from Makomanai Sekisui Heim Ice Arena. The property is just a short walk to public transportation: Nishi-Yon-Chome Stop is 3 minutes and Tanuki Koji Stop is 3 minutes.   "
300000037,3250,"Sapporo, Hokkaido Prefecture, Japan",58994399,KOKO HOTEL Sapporo Ekimae,"KOKO HOTEL Sapporo Ekimae puts you in a great location, within a 15-minute walk of Odori Park and Hokkaido University. You'll have free perks like WiFi and wired Internet. Also, this hotel is 0.4 mi (0.7 km) from Tanukikoji Shopping Street and 5 mi (8.1 km) from Makomanai Sekisui Heim Ice Arena. Fellow travelers like that it's just a short walk to public transportation: Odori Station is 5 minutes away and Nishi-Yon-Chome Stop is 7 minutes. "
300000037,3250,"Sapporo, Hokkaido Prefecture, Japan",415947,Sapporo Excel Hotel Tokyu,"At Sapporo Excel Hotel Tokyu, you'll be just a 5-minute drive from Odori Park and Hokkaido University. You can grab a bite to eat at the restaurant or wind down at the end of the day with a drink from the bar/lounge. Other highlights at this upscale hotel include a terrace and a garden. The helpful staff and overall property condition get good marks from fellow travelers. The property is just a short walk to public transportation: Yamahana-Ku-Jo Stop is 3 minutes and Higashi-Honganji-Mae Stop is 4 minutes.   "
300000037,3250,"Sapporo, Hokkaido Prefecture, Japan",470392,Sapporo Tokyu REI Hotel,"At Sapporo Tokyu REI Hotel, you'll be just a 5-minute drive from Odori Park and Hokkaido University. Guests will have free perks like WiFi and wired Internet. Also, this hotel is 0.2 mi (0.2 km) from Tanukikoji Shopping Street and 4.3 mi (7 km) from Makomanai Sekisui Heim Ice Arena. Fellow travelers like that it's only a short walk to public transportation: Shiseikan-Shogakko-Mae Stop is steps away and Susukino Station is 3 minutes. "
300000037,3250,"Sapporo, Hokkaido Prefecture, Japan",1764372,Hotel Gracery Sapporo,"Located 4.9 mi (8 km) from the airport, Hotel Gracery Sapporo offers a great location, putting you within a 15-minute walk of Hokkaido University and Odori Park. Free perks include WiFi and wired Internet. Also, this hotel is 0.7 mi (1.1 km) from Tanukikoji Shopping Street and 5.2 mi (8.3 km) from Makomanai Sekisui Heim Ice Arena. Fellow travelers like that it's just a short walk to public transportation: Nishi-Yon-Chome Stop is 12 minutes away and Odori Station is 12 minutes. "
300000037,3250,"Sapporo, Hokkaido Prefecture, Japan",34024339,Richmond Hotel Sapporo Odori,"At Richmond Hotel Sapporo Odori, you'll be just a 5-minute drive from Odori Park and Hokkaido University. Guests will have free perks like WiFi and wired Internet. Also, this hotel is 0.1 mi (0.1 km) from Tanukikoji Shopping Street and 4.7 mi (7.5 km) from Makomanai Sekisui Heim Ice Arena. Fellow travelers like that it's only a short walk to public transportation: Tanuki Koji Stop is steps away and Nishi-Yon-Chome Stop is 3 minutes. "
300000037,3250,"Sapporo, Hokkaido Prefecture, Japan",4355962,Hotel Resol Trinity Sapporo,"Hotel Resol Trinity Sapporo puts you in a great location, within a 15-minute walk of Odori Park and Hokkaido University. For a bite to eat, guests can check out iL CHANTI SAPPRO, which serves breakfast, lunch, and dinner. Also, this hotel is 0.2 mi (0.4 km) from Tanukikoji Shopping Street and 4.7 mi (7.5 km) from Makomanai Sekisui Heim Ice Arena. Fellow travelers like the overall property condition. Public transportation is just a short walk: Nishi-Yon-Chome Stop is 3 minutes and Odori Station is 4 minutes.   "
300000037,3250,"Sapporo, Hokkaido Prefecture, Japan",3896369,APA Hotel & Resort Sapporo,"APA Hotel & Resort Sapporo puts you within a 10-minute drive of Odori Park and Hokkaido University. Guests can be pampered with massages at the spa and grab a bite to eat at the restaurant. Also, this hotel is 1.1 mi (1.8 km) from Makomanai Sekisui Heim Ice Arena and 4.6 mi (7.4 km) from Tanukikoji Shopping Street.   "
300000037,3363,"Takamatsu, Kagawa Prefecture, Japan",6617222,Hotel Area One Takamatsu,"Located near a train station, Hotel Area One Takamatsu is a great choice for a stay in Takamatsu. Guests will have free perks like WiFi and wired Internet.   "
300000037,3363,"Takamatsu, Kagawa Prefecture, Japan",4826705,Takamatsu Park Hotel,"Located near a train station, Takamatsu Park Hotel is a great choice for a stay in Takamatsu. Guests can visit the fitness center for a workout, and freebies like WiFi and wired Internet are added perks.   "
300000037,3363,"Takamatsu, Kagawa Prefecture, Japan",3988100,Diamond Setouchi Marine Hotel,"Diamond Setouchi Marine Hotel is a great choice for your beach stay in Tamano. The indoor pool provides fun for everyone, while guests in the mood for pampering can indulge in massages at the spa. SUNSET serves breakfast, lunch, and dinner. Other features include a bar/lounge, a sauna, and a terrace. "
300000037,3363,"Takamatsu, Kagawa Prefecture, Japan",12608557,Hotel Watergate Okayama - Adults Only,Enjoy your visit to Okayama with a stay at Hotel Watergate Okayama - Adults Only. Guests will have free perks like WiFi and self parking.   
300000037,3363,"Takamatsu, Kagawa Prefecture, Japan",4623257,Ark Hotel Okayama,"Located near a train station, Ark Hotel Okayama is a great choice for a stay in Okayama. Guests looking for a bite to eat can check out la Pache, one of 2 restaurants, which serves breakfast and lunch. Fellow travelers like the overall property condition.   "
300000037,3363,"Takamatsu, Kagawa Prefecture, Japan",88635701,Fairfield by Marriott Hyogo Awaji Fukura,Fairfield by Marriott Hyogo Awaji Fukura is a great choice for a stay in Minamiawaji. Guests will have free perks like WiFi and self parking.   
300000037,3363,"Takamatsu, Kagawa Prefecture, Japan",35095017,HOTEL LiVEMAX OKAYAMA,HOTEL LiVEMAX OKAYAMA is a great choice for a stay in Okayama. Guests will have free perks like WiFi and wired Internet.   
300000037,3363,"Takamatsu, Kagawa Prefecture, Japan",25134859,Hotel Abest Grande Okayama,"Located near a train station, Hotel Abest Grande Okayama is a great choice for a stay in Okayama. After visiting the fitness center for a workout, you can grab a bite to eat at the restaurant or unwind with a drink at the bar/lounge. Fellow travelers like the helpful staff and overall property condition.   "
300000037,3363,"Takamatsu, Kagawa Prefecture, Japan",1330172,"ANA Crowne Plaza Okayama, an IHG Hotel","Located near a train station, ANA Crowne Plaza Okayama, an IHG Hotel is a great choice for a stay in Okayama. The bar is a great place to grab a drink, and guests looking for a bite to eat can check out Kuriya-sen, one of 2 restaurants, which serves Japanese cuisine and is open for breakfast, lunch, and dinner. Fellow travelers say good things about the helpful staff and location.   "
300000037,3363,"Takamatsu, Kagawa Prefecture, Japan",2691797,Dormy Inn Kurashiki Natural Hot Spring,"Enjoy your visit to Kurashiki with a stay at Dormy Inn Kurashiki Natural Hot Spring. Guests can grab a bite to eat at the restaurant, and the sauna makes for a relaxing end to the day.   "
300000037,3363,"Takamatsu, Kagawa Prefecture, Japan",45528132,Hotel Livemax Okayama West,Hotel Livemax Okayama West is a great choice for a stay in Okayama.   
300000037,3363,"Takamatsu, Kagawa Prefecture, Japan",3892520,Rihga Hotel Zest Takamatsu,"Enjoy your visit to Takamatsu with a stay at Rihga Hotel Zest Takamatsu. The bar is a great place to grab a drink, and guests looking for a bite to eat can check out Jikou, one of 2 restaurants, which serves Fusion cuisine and is open for breakfast, lunch, and dinner.   "
